.id,Keyword,Offset
sp|P06105|SC160_YEAST,ANSVARLIG,643
sp|C3PNE7|SYL_RICAE,SELEKTERE,287
sp|A1JIX1|TRUB_YERE8,EGALISERE,92
sp|O34273|TRUB_YEREN,EGALISERE,92
sp|A7FMS0|TRUB_YERP3,EGALISERE,92
sp|Q1CC09|TRUB_YERPA,EGALISERE,92
sp|Q8ZBC4|TRUB_YERPE,EGALISERE,92
sp|Q1CEL5|TRUB_YERPN,EGALISERE,92
sp|A4TRI1|TRUB_YERPP,EGALISERE,92
sp|Q66F58|TRUB_YERPS,EGALISERE,92
sp|Q60312|Y002_METJA,LYSSKYHED,92
sp|B8GD12|ARLY_CHLAD,ALGIERER,205
sp|Q6BTX0|ATG2_DEBHA,KANTNING,583
sp|Q112Z3|ATPF2_TRIEI,KAKERLAK,65
sp|Q5E769|BAMB_ALIF1,LAKPLADE,144
sp|Q12D73|BIOB2_POLSJ,VAGTPLAN,247
sp|B9MJH4|BIOB_ACIET,VAGTPLAN,252
sp|Q8VCR2|DHB13_MOUSE,VARSLING,242
sp|Q9VNJ5|DISP_DROME,VELANSET,1160
sp|Q5NPS6|DNAK_ZYMMO,ISRAELER,295
sp|Q985F6|GLNE_RHILO,PARAGRAF,664
sp|Q4URM1|GLO2_XANC8,VANDGRAV,18
sp|B0RTE9|GLO2_XANCB,VANDGRAV,18
sp|Q8PBY0|GLO2_XANCP,VANDGRAV,18
sp|Q05584|GLO2_YEAST,GENKALDE,206
sp|P14750|HCYA_APHSP,FIREDELE,411
sp|Q58CP0|IDH3G_BOVIN,LIVRENTE,163
sp|P51553|IDH3G_HUMAN,LIVRENTE,164
sp|P41564|IDH3G_MACFA,LIVRENTE,126
sp|P70404|IDHG1_MOUSE,LIVRENTE,164
sp|P41565|IDHG1_RAT,LIVRENTE,164
sp|Q3SKX1|IF2_THIDA,KANTNING,569
sp|Q27564|KITH_DICDI,AFSKRIVE,155
sp|P50455|LEU3_SULTO,LIVRENTE,114
sp|A2SZS3|L_RVFV,SEKSTANT,1175
sp|P27316|L_RVFVZ,SEKSTANT,1175
sp|C5NZL6|MEP8_COCP7,AFHANDLE,151
sp|P40850|MKT1_YEAST,FITTINGS,530
sp|Q80XB4|NRAP_MOUSE,KASSEVIS,1051
sp|B1ZRS0|NUON1_OPITP,VALGSLAG,398
sp|P13909|PAI1_BOVIN,SALTSILD,271
sp|P79335|PAI1_PIG,SALTSILD,271
sp|P24004|PEX1_YEAST,GENSIDIG,1030
sp|Q13YI7|PHNW1_PARXL,HALVLANG,85
sp|A0A8J9RIY3|PHP21_PHOLO,TALELYST,400
sp|A0A142I735|PHP22_PHOLO,TALELYST,400
sp|Q42556|PMA9_ARATH,STYRELSE,903
sp|A9BDD9|PYRG_PROM4,HACIENDA,315
sp|Q17XC9|RIBA_HELAH,MALERISK,74
sp|B6JM32|RIBA_HELP2,MALERISK,74
sp|Q1CT68|RIBA_HELPH,MALERISK,74
sp|Q9ZL42|RIBA_HELPJ,MALERISK,74
sp|O08315|RIBA_HELPY,MALERISK,74
sp|P52822|RL5A_SCHPO,PEGEFELT,125
sp|O74306|RL5B_SCHPO,PEGEFELT,125
sp|P67284|RNY_STRP1,LIVSALIG,7
sp|P0DF20|RNY_STRP3,LIVSALIG,7
sp|Q5XAP0|RNY_STRP6,LIVSALIG,7
sp|Q8P000|RNY_STRP8,LIVSALIG,7
sp|Q1JAJ3|RNY_STRPB,LIVSALIG,7
sp|Q1JKP5|RNY_STRPC,LIVSALIG,7
sp|Q1JFN6|RNY_STRPD,LIVSALIG,7
sp|Q1J5I5|RNY_STRPF,LIVSALIG,7
sp|A2RD66|RNY_STRPG,LIVSALIG,7
sp|Q48S17|RNY_STRPM,LIVSALIG,7
sp|P0DF21|RNY_STRPQ,LIVSALIG,7
sp|Q5UZR5|RPO1C_HALMA,RETLINET,289
sp|Q21M92|RPOC_SACD2,RIDETIME,551
sp|B1MGA0|RS4_MYCA9,VARETAGE,152
sp|A5GPF9|SYA_SYNPW,RIESLING,621
sp|Q5P7Y0|SYFB_AROAE,SLAGVARE,170
sp|Q4R7U0|TMC7_MACFA,PLAYLIST,265
sp|Q8C428|TMC7_MOUSE,PLAYLIST,263
sp|Q9Y2B5|VP9D1_HUMAN,SAMKLANG,15
